Username;Identifier;Firstname;Lastname
booker12;9012;Rachel;Booker
grey07;2070;Laura;Grey
johnson81;4081;Craig;Johnson
jenkins46;9346;Mary;Jenkins
smith79;5079;Jamie;Smith
rodriguez99;6099;Carlos;Rodriguez
martinez23;3023;Ana;Martinez
garcia45;4545;Miguel;Garcia
lopez88;8088;Sofia;Lopez
williams65;6565;John;Williams
taylor34;3434;Emma;Taylor
brown91;9191;David;Brown
wilson77;7777;Isabella;Wilson
davis55;5555;Oliver;Davis
anderson12;1212;Sophia;Anderson
thomas89;8989;Lucas;Thomas
white44;4444;Mia;White
martin67;6767;Ethan;Martin
thompson22;2222;Ava;Thompson
moore33;3333;Noah;Moore